SalesID,ProductID,RegionID,EmployeeID,SalesDate,Amount,CustomerID,,,,,1/1/2026
1,13,3,3,1/20/2022,5700,CUST-1013,,,,,1/6/2026
2,7,2,3,1/21/2022,4900,CUST-1003,,,,,1/8/2026
3,8,1,4,1/11/2022,8800,CUST-1001,,,,,1/12/2026
4,5,2,4,1/22/2022,7400,CUST-1006,,,,,1/20/2026
5,12,1,1,1/2/2022,5100,CUST-1005,,,,,1/25/2026
6,6,1,4,1/26/2022,9200,CUST-1014,,,,,1/28/2026
7,15,2,4,1/27/2022,3200,CUST-1012,,,,,
8,15,2,13,1/16/2022,3200,CUST-1009,,,,,
9,12,3,4,1/19/2022,2000,CUST-1013,,,,,
10,5,3,14,1/3/2022,5900,CUST-1013,,,,,
11,9,2,2,1/4/2022,8000,CUST-1009,,,,,
12,2,3,4,1/21/2022,1300,CUST-1009,,,,,
13,3,2,1,1/15/2022,2100,CUST-1011,,,,,
14,4,2,13,1/8/2022,4300,CUST-1011,,,,,
15,13,3,2,1/22/2022,7400,CUST-1004,,,,,
16,2,2,13,1/12/2022,1500,CUST-1007,,,,,
17,7,1,13,2/14/2022,6900,CUST-1010,,,,,
18,13,2,14,2/21/2022,9800,CUST-1009,,,,,
19,10,1,4,2/24/2022,6800,CUST-1010,,,,,
20,13,1,9,2/28/2022,2600,CUST-1013,,,,,
21,1,1,14,2/13/2022,3100,CUST-1009,,,,,
22,1,3,3,2/24/2022,6100,CUST-1004,,,,,
23,8,3,3,2/17/2022,6400,CUST-1000,,,,,
24,7,2,1,2/10/2022,3600,CUST-1005,,,,,
25,9,2,1,2/7/2022,7700,CUST-1012,,,,,
26,7,2,9,2/23/2022,3200,CUST-1014,,,,,
27,6,3,3,2/8/2022,5600,CUST-1013,,,,,
28,5,3,13,2/3/2022,4300,CUST-1003,,,,,
29,10,3,14,2/5/2022,9600,CUST-1008,,,,,
30,9,3,14,2/27/2022,6500,CUST-1008,,,,,
31,12,1,3,2/10/2022,1400,CUST-1001,,,,,
32,1,1,4,2/7/2022,2300,CUST-1002,,,,,
33,7,3,9,2/5/2022,2200,CUST-1005,,,,,
34,13,3,3,3/4/2022,3700,CUST-1007,,,,,
35,2,2,9,3/28/2022,3200,CUST-1006,,,,,
36,12,2,13,3/28/2022,6000,CUST-1014,,,,,
37,7,1,14,3/26/2022,7900,CUST-1002,,,,,
38,9,3,13,3/1/2022,7300,CUST-1011,,,,,
39,13,1,3,3/20/2022,8000,CUST-1004,,,,,
40,8,3,1,3/6/2022,4900,CUST-1006,,,,,
41,1,3,2,3/5/2022,1200,CUST-1012,,,,,
42,11,2,1,3/15/2022,4300,CUST-1002,,,,,
43,14,1,2,3/17/2022,1800,CUST-1003,,,,,
44,2,3,1,3/7/2022,2100,CUST-1013,,,,,
45,8,1,3,3/17/2022,5200,CUST-1006,,,,,
46,6,3,9,3/28/2022,6400,CUST-1009,,,,,
47,1,3,13,3/1/2022,5700,CUST-1002,,,,,
48,12,2,13,3/21/2022,6000,CUST-1011,,,,,
49,4,3,3,3/23/2022,4700,CUST-1012,,,,,
50,15,2,9,3/17/2022,3400,CUST-1013,,,,,
51,6,2,3,3/2/2022,6800,CUST-1001,,,,,
52,9,3,13,3/1/2022,3000,CUST-1011,,,,,
53,4,3,4,3/3/2022,7000,CUST-1006,,,,,
54,15,3,4,4/3/2022,3400,CUST-1013,,,,,
55,4,1,1,4/7/2022,2500,CUST-1004,,,,,
56,2,1,3,4/7/2022,8700,CUST-1001,,,,,
57,9,2,14,4/25/2022,6000,CUST-1012,,,,,
58,3,3,4,4/10/2022,6800,CUST-1007,,,,,
59,9,1,2,4/26/2022,5900,CUST-1012,,,,,
60,5,1,3,4/12/2022,7700,CUST-1003,,,,,
61,9,3,3,4/9/2022,2800,CUST-1009,,,,,
62,4,2,1,4/3/2022,2100,CUST-1008,,,,,
63,4,2,4,4/8/2022,8900,CUST-1006,,,,,
64,14,1,3,4/3/2022,2700,CUST-1002,,,,,
65,14,2,2,4/18/2022,3400,CUST-1010,,,,,
66,13,1,4,4/3/2022,8900,CUST-1006,,,,,
67,1,2,9,4/4/2022,5400,CUST-1008,,,,,
68,8,3,3,4/20/2022,5000,CUST-1012,,,,,
69,12,3,3,4/1/2022,3900,CUST-1013,,,,,
70,14,2,13,4/22/2022,3900,CUST-1008,,,,,
71,6,3,3,4/19/2022,700,CUST-1001,,,,,
72,14,1,4,4/21/2022,7500,CUST-1011,,,,,
73,12,1,3,5/5/2022,8200,CUST-1000,,,,,
74,1,1,4,5/3/2022,9900,CUST-1012,,,,,
75,5,2,3,5/14/2022,1600,CUST-1001,,,,,
76,13,1,13,5/24/2022,1100,CUST-1001,,,,,
77,12,1,4,5/3/2022,700,CUST-1000,,,,,
78,7,1,3,5/21/2022,8800,CUST-1000,,,,,
79,9,2,14,5/18/2022,7200,CUST-1002,,,,,
80,3,2,2,5/26/2022,8000,CUST-1011,,,,,
81,6,3,2,5/15/2022,8300,CUST-1003,,,,,
82,10,2,2,5/27/2022,1300,CUST-1010,,,,,
83,9,3,13,6/1/2022,7800,CUST-1001,,,,,
84,13,2,14,6/7/2022,1000,CUST-1010,,,,,
85,2,1,9,6/3/2022,7500,CUST-1004,,,,,
86,7,1,4,6/26/2022,5300,CUST-1005,,,,,
87,1,2,13,6/20/2022,9700,CUST-1007,,,,,
88,7,3,4,6/19/2022,6400,CUST-1001,,,,,
89,15,2,3,6/23/2022,4300,CUST-1002,,,,,
90,10,2,13,6/22/2022,5300,CUST-1005,,,,,
91,15,2,3,6/6/2022,3000,CUST-1006,,,,,
92,1,1,4,6/5/2022,3600,CUST-1002,,,,,
93,5,3,4,6/12/2022,5400,CUST-1003,,,,,
94,4,2,14,6/13/2022,7500,CUST-1001,,,,,
95,4,1,2,6/8/2022,1100,CUST-1007,,,,,
96,14,3,1,6/10/2022,8800,CUST-1003,,,,,
97,12,2,14,6/19/2022,9400,CUST-1014,,,,,
98,5,2,14,6/26/2022,1600,CUST-1011,,,,,
99,12,1,1,6/9/2022,1600,CUST-1000,,,,,
100,15,2,13,7/1/2022,5700,CUST-1008,,,,,
101,9,1,9,7/16/2022,3800,CUST-1009,,,,,
102,15,1,13,7/7/2022,7500,CUST-1014,,,,,
103,3,2,3,7/23/2022,7800,CUST-1013,,,,,
104,13,2,4,7/25/2022,5700,CUST-1014,,,,,
105,1,2,13,7/15/2022,7100,CUST-1008,,,,,
106,5,3,4,7/16/2022,7900,CUST-1001,,,,,
107,7,2,2,7/5/2022,3300,CUST-1004,,,,,
108,15,2,2,7/20/2022,3000,CUST-1002,,,,,
109,8,1,9,7/1/2022,5100,CUST-1003,,,,,
110,8,3,2,7/16/2022,9600,CUST-1011,,,,,
111,4,2,3,7/27/2022,2900,CUST-1010,,,,,
112,1,1,3,7/1/2022,6200,CUST-1010,,,,,
113,3,1,1,7/12/2022,4400,CUST-1002,,,,,
114,12,1,9,7/11/2022,4600,CUST-1011,,,,,
115,2,1,3,7/14/2022,9400,CUST-1003,,,,,
116,7,1,2,7/3/2022,9500,CUST-1008,,,,,
117,10,2,13,7/26/2022,900,CUST-1014,,,,,
118,9,3,4,7/19/2022,1300,CUST-1012,,,,,
119,13,3,9,8/18/2022,8000,CUST-1014,,,,,
120,9,1,9,8/4/2022,9400,CUST-1005,,,,,
121,5,1,3,8/10/2022,1600,CUST-1008,,,,,
122,4,2,1,8/16/2022,2600,CUST-1003,,,,,
123,7,2,9,8/24/2022,3900,CUST-1004,,,,,
124,13,3,1,8/23/2022,3400,CUST-1003,,,,,
125,14,1,1,8/9/2022,9300,CUST-1012,,,,,
126,9,2,9,8/16/2022,1200,CUST-1008,,,,,
127,1,1,1,8/19/2022,8600,CUST-1006,,,,,
128,9,3,4,8/12/2022,1200,CUST-1002,,,,,
129,3,2,14,8/20/2022,8800,CUST-1014,,,,,
130,5,3,4,8/21/2022,7700,CUST-1010,,,,,
131,11,1,4,8/20/2022,4100,CUST-1004,,,,,
132,9,3,9,8/23/2022,8400,CUST-1007,,,,,
133,7,2,14,9/26/2022,5200,CUST-1005,,,,,
134,3,3,9,9/5/2022,4800,CUST-1012,,,,,
135,2,3,4,9/11/2022,7700,CUST-1000,,,,,
136,12,1,9,9/26/2022,2000,CUST-1011,,,,,
137,13,2,1,9/14/2022,7400,CUST-1002,,,,,
138,2,1,9,9/26/2022,6000,CUST-1014,,,,,
139,8,1,1,9/19/2022,1900,CUST-1013,,,,,
140,1,3,14,9/20/2022,4800,CUST-1013,,,,,
141,4,2,4,9/13/2022,4000,CUST-1001,,,,,
142,13,2,14,9/19/2022,4700,CUST-1002,,,,,
143,10,3,14,9/10/2022,4800,CUST-1004,,,,,
144,2,2,2,9/13/2022,7100,CUST-1005,,,,,
145,13,3,1,9/8/2022,3600,CUST-1011,,,,,
146,13,2,1,9/3/2022,1700,CUST-1010,,,,,
147,1,1,1,9/28/2022,5500,CUST-1002,,,,,
148,6,2,4,9/21/2022,6800,CUST-1001,,,,,
149,5,2,9,9/15/2022,5800,CUST-1010,,,,,
150,3,3,4,9/4/2022,6700,CUST-1001,,,,,
151,1,2,14,9/9/2022,4000,CUST-1010,,,,,
152,6,2,3,10/21/2022,3200,CUST-1004,,,,,
153,9,3,4,10/23/2022,1900,CUST-1009,,,,,
154,8,2,4,10/16/2022,8100,CUST-1000,,,,,
155,5,2,4,10/28/2022,7300,CUST-1008,,,,,
156,8,2,4,10/26/2022,1000,CUST-1008,,,,,
157,5,1,4,10/28/2022,4300,CUST-1002,,,,,
158,6,3,1,10/27/2022,5800,CUST-1014,,,,,
159,5,1,4,10/1/2022,1400,CUST-1000,,,,,
160,14,3,9,10/13/2022,6200,CUST-1000,,,,,
161,5,3,1,10/19/2022,500,CUST-1013,,,,,
162,11,1,9,11/18/2022,1500,CUST-1004,,,,,
163,6,1,2,11/1/2022,8900,CUST-1012,,,,,
164,1,3,9,11/15/2022,7900,CUST-1010,,,,,
165,6,3,3,11/25/2022,5300,CUST-1006,,,,,
166,1,2,1,11/13/2022,7800,CUST-1014,,,,,
167,5,3,13,11/1/2022,2500,CUST-1001,,,,,
168,15,1,13,11/5/2022,2000,CUST-1005,,,,,
169,5,1,9,11/23/2022,5300,CUST-1007,,,,,
170,3,1,9,11/10/2022,7700,CUST-1006,,,,,
171,14,1,3,11/9/2022,5300,CUST-1014,,,,,
172,4,2,1,11/13/2022,5500,CUST-1003,,,,,
173,2,3,14,11/8/2022,700,CUST-1013,,,,,
174,6,2,3,11/2/2022,4900,CUST-1001,,,,,
175,6,1,13,11/1/2022,8400,CUST-1005,,,,,
176,9,1,14,11/27/2022,3900,CUST-1011,,,,,
177,15,1,9,11/23/2022,5200,CUST-1008,,,,,
178,3,3,13,11/11/2022,7400,CUST-1011,,,,,
179,2,2,13,12/18/2022,7500,CUST-1003,,,,,
180,15,2,4,12/19/2022,4800,CUST-1009,,,,,
181,8,3,4,12/1/2022,5100,CUST-1014,,,,,
182,10,3,1,12/23/2022,2700,CUST-1012,,,,,
183,10,1,2,12/4/2022,3300,CUST-1011,,,,,
184,4,1,2,12/28/2022,8400,CUST-1004,,,,,
185,2,1,13,12/21/2022,4300,CUST-1009,,,,,
186,11,3,14,12/11/2022,1300,CUST-1010,,,,,
187,7,3,3,12/23/2022,6500,CUST-1009,,,,,
188,4,1,3,12/8/2022,2400,CUST-1011,,,,,
189,11,1,2,12/3/2022,7300,CUST-1008,,,,,
190,3,1,9,12/19/2022,6100,CUST-1007,,,,,
191,10,1,13,12/28/2022,7500,CUST-1009,,,,,
192,5,1,4,12/1/2022,2900,CUST-1005,,,,,
193,2,1,13,12/14/2022,7700,CUST-1004,,,,,
194,15,1,13,1/25/2023,7000,CUST-1000,,,,,
195,15,1,1,1/11/2023,1800,CUST-1006,,,,,
196,15,3,14,1/20/2023,600,CUST-1012,,,,,
197,14,2,4,1/22/2023,8600,CUST-1002,,,,,
198,8,2,9,1/14/2023,7300,CUST-1014,,,,,
199,11,3,14,1/14/2023,5600,CUST-1004,,,,,
200,7,2,3,1/15/2023,6400,CUST-1003,,,,,
201,13,2,2,1/28/2023,7400,CUST-1004,,,,,
202,3,3,1,1/3/2023,6200,CUST-1014,,,,,
203,12,2,14,1/5/2023,2500,CUST-1010,,,,,
204,7,2,2,1/17/2023,600,CUST-1007,,,,,
205,9,1,9,1/12/2023,6700,CUST-1010,,,,,
206,10,3,1,1/4/2023,9900,CUST-1014,,,,,
207,4,3,13,1/15/2023,8400,CUST-1000,,,,,
208,1,3,2,1/8/2023,3000,CUST-1008,,,,,
209,6,2,2,1/5/2023,1400,CUST-1006,,,,,
210,5,1,1,1/6/2023,2000,CUST-1004,,,,,
211,5,2,13,1/22/2023,6100,CUST-1003,,,,,
212,4,2,3,1/16/2023,4000,CUST-1014,,,,,
213,9,3,3,2/23/2023,8900,CUST-1012,,,,,
214,5,3,13,2/8/2023,8000,CUST-1003,,,,,
215,12,3,4,2/20/2023,6500,CUST-1002,,,,,
216,6,1,13,2/6/2023,3100,CUST-1014,,,,,
217,3,2,1,2/6/2023,4800,CUST-1003,,,,,
218,11,2,3,2/15/2023,6800,CUST-1005,,,,,
219,5,2,2,2/12/2023,9800,CUST-1002,,,,,
220,3,1,4,2/4/2023,4700,CUST-1013,,,,,
221,15,1,2,2/12/2023,2300,CUST-1012,,,,,
222,15,1,3,2/11/2023,4200,CUST-1000,,,,,
223,2,2,9,2/6/2023,6500,CUST-1002,,,,,
224,12,2,9,2/10/2023,5800,CUST-1011,,,,,
225,4,1,14,2/2/2023,3300,CUST-1008,,,,,
226,11,3,13,2/9/2023,4000,CUST-1010,,,,,
227,5,2,4,2/17/2023,700,CUST-1012,,,,,
228,14,1,3,2/18/2023,5800,CUST-1009,,,,,
229,12,3,3,2/2/2023,3100,CUST-1008,,,,,
230,12,1,3,3/22/2023,9600,CUST-1008,,,,,
231,14,2,3,3/5/2023,5300,CUST-1002,,,,,
232,5,3,3,3/5/2023,600,CUST-1014,,,,,
233,14,1,9,3/26/2023,1600,CUST-1001,,,,,
234,2,3,13,3/25/2023,7400,CUST-1000,,,,,
235,13,2,1,3/19/2023,5600,CUST-1001,,,,,
236,1,1,1,3/15/2023,1700,CUST-1014,,,,,
237,7,2,13,3/15/2023,4200,CUST-1011,,,,,
238,3,3,3,3/8/2023,8900,CUST-1009,,,,,
239,3,3,3,3/6/2023,8600,CUST-1011,,,,,
240,4,3,14,3/10/2023,6300,CUST-1008,,,,,
241,4,2,14,3/1/2023,1400,CUST-1007,,,,,
242,13,2,1,3/4/2023,1600,CUST-1000,,,,,
243,11,3,1,3/5/2023,5900,CUST-1013,,,,,
244,6,2,2,3/4/2023,5100,CUST-1013,,,,,
245,10,1,13,3/27/2023,6500,CUST-1006,,,,,
246,4,1,4,3/15/2023,8400,CUST-1003,,,,,
247,13,3,4,4/5/2023,3400,CUST-1006,,,,,
248,2,3,14,4/13/2023,3200,CUST-1008,,,,,
249,4,2,3,4/19/2023,2600,CUST-1003,,,,,
250,11,2,2,4/20/2023,6700,CUST-1009,,,,,
251,10,2,3,4/15/2023,2900,CUST-1004,,,,,
252,13,2,2,4/26/2023,1500,CUST-1006,,,,,
253,15,3,4,4/1/2023,7600,CUST-1011,,,,,
254,4,1,9,4/4/2023,6500,CUST-1003,,,,,
255,1,3,2,4/10/2023,6500,CUST-1010,,,,,
256,3,1,13,4/22/2023,3900,CUST-1008,,,,,
257,11,3,1,4/22/2023,6200,CUST-1004,,,,,
258,10,2,4,4/21/2023,9900,CUST-1011,,,,,
259,9,1,14,4/23/2023,4500,CUST-1000,,,,,
260,3,3,9,4/23/2023,7600,CUST-1003,,,,,
261,9,2,4,4/21/2023,7000,CUST-1001,,,,,
262,10,1,3,4/21/2023,9300,CUST-1012,,,,,
263,9,2,3,4/20/2023,8500,CUST-1000,,,,,
264,2,3,2,5/7/2023,7000,CUST-1014,,,,,
265,11,3,4,5/17/2023,1700,CUST-1006,,,,,
266,9,3,4,5/24/2023,4100,CUST-1004,,,,,
267,1,1,9,5/24/2023,5300,CUST-1009,,,,,
268,12,2,9,5/26/2023,1500,CUST-1008,,,,,
269,4,1,1,5/17/2023,4700,CUST-1011,,,,,
270,6,3,9,5/22/2023,7200,CUST-1012,,,,,
271,1,1,13,5/7/2023,3000,CUST-1013,,,,,
272,8,3,13,5/27/2023,2600,CUST-1006,,,,,
273,13,1,13,5/17/2023,7800,CUST-1014,,,,,
274,3,2,1,5/8/2023,6000,CUST-1013,,,,,
275,6,1,2,6/2/2023,6300,CUST-1012,,,,,
276,15,1,9,6/19/2023,8500,CUST-1008,,,,,
277,10,2,3,6/3/2023,6800,CUST-1007,,,,,
278,1,3,14,6/28/2023,8100,CUST-1012,,,,,
279,7,1,1,6/18/2023,6500,CUST-1000,,,,,
280,7,3,14,6/24/2023,9000,CUST-1004,,,,,
281,9,3,9,6/22/2023,7200,CUST-1007,,,,,
282,1,3,2,6/19/2023,8500,CUST-1009,,,,,
283,14,2,3,6/24/2023,5000,CUST-1003,,,,,
284,5,2,9,6/20/2023,5500,CUST-1008,,,,,
285,2,3,2,6/23/2023,9500,CUST-1009,,,,,
286,5,3,9,7/23/2023,9600,CUST-1002,,,,,
287,13,2,2,7/4/2023,7400,CUST-1011,,,,,
288,11,2,14,7/20/2023,1900,CUST-1000,,,,,
289,7,3,4,7/3/2023,2100,CUST-1003,,,,,
290,5,2,13,7/5/2023,7600,CUST-1009,,,,,
291,4,2,13,7/3/2023,1900,CUST-1002,,,,,
292,1,2,13,7/24/2023,3200,CUST-1011,,,,,
293,14,3,1,7/27/2023,3700,CUST-1006,,,,,
294,14,1,2,7/17/2023,8900,CUST-1012,,,,,
295,7,1,13,7/25/2023,1800,CUST-1000,,,,,
296,4,2,2,8/14/2023,9500,CUST-1007,,,,,
297,6,2,9,8/11/2023,6000,CUST-1007,,,,,
298,6,2,1,8/9/2023,6300,CUST-1004,,,,,
299,6,2,4,8/25/2023,2100,CUST-1012,,,,,
300,10,2,9,8/21/2023,2600,CUST-1006,,,,,
301,15,2,3,8/25/2023,4800,CUST-1009,,,,,
302,12,1,1,8/2/2023,9100,CUST-1010,,,,,
303,13,1,2,8/10/2023,3500,CUST-1007,,,,,
304,14,2,13,8/28/2023,4700,CUST-1014,,,,,
305,6,3,1,8/28/2023,3400,CUST-1012,,,,,
306,4,3,2,8/21/2023,4600,CUST-1005,,,,,
307,11,3,4,8/21/2023,9800,CUST-1002,,,,,
308,7,3,13,8/27/2023,4600,CUST-1002,,,,,
309,8,2,13,8/15/2023,6700,CUST-1006,,,,,
310,1,2,4,8/24/2023,9400,CUST-1005,,,,,
311,3,3,4,8/20/2023,7600,CUST-1004,,,,,
312,13,3,2,8/27/2023,700,CUST-1006,,,,,
313,5,1,1,8/2/2023,2800,CUST-1010,,,,,
314,1,1,9,8/17/2023,9600,CUST-1002,,,,,
315,10,1,14,8/8/2023,8500,CUST-1002,,,,,
316,5,3,13,9/18/2023,4700,CUST-1013,,,,,
317,12,3,9,9/2/2023,4600,CUST-1008,,,,,
318,13,1,2,9/17/2023,4100,CUST-1011,,,,,
319,1,3,4,9/23/2023,1800,CUST-1001,,,,,
320,8,3,14,9/16/2023,3200,CUST-1014,,,,,
321,7,1,13,9/17/2023,7600,CUST-1002,,,,,
322,8,1,2,9/6/2023,5900,CUST-1012,,,,,
323,11,2,1,9/15/2023,8500,CUST-1007,,,,,
324,15,2,14,9/26/2023,9100,CUST-1014,,,,,
325,10,1,13,9/23/2023,900,CUST-1006,,,,,
326,15,1,14,9/14/2023,4700,CUST-1004,,,,,
327,8,2,3,9/19/2023,2000,CUST-1005,,,,,
328,7,3,2,10/20/2023,2000,CUST-1001,,,,,
329,7,1,13,10/10/2023,9900,CUST-1011,,,,,
330,3,1,2,10/24/2023,600,CUST-1009,,,,,
331,11,2,14,10/5/2023,7600,CUST-1010,,,,,
332,7,3,1,10/12/2023,6000,CUST-1014,,,,,
333,9,1,2,10/22/2023,9200,CUST-1013,,,,,
334,12,2,2,10/10/2023,9000,CUST-1002,,,,,
335,10,2,13,10/3/2023,4800,CUST-1003,,,,,
336,13,1,2,10/23/2023,4300,CUST-1014,,,,,
337,7,2,4,10/27/2023,2500,CUST-1010,,,,,
338,12,1,4,10/21/2023,10000,CUST-1012,,,,,
339,14,1,14,11/10/2023,3900,CUST-1008,,,,,
340,5,1,13,11/20/2023,4300,CUST-1008,,,,,
341,13,2,13,11/3/2023,2500,CUST-1009,,,,,
342,2,2,9,11/4/2023,8300,CUST-1011,,,,,
343,1,1,13,11/16/2023,3100,CUST-1001,,,,,
344,1,1,4,11/15/2023,2300,CUST-1004,,,,,
345,11,2,14,11/5/2023,8000,CUST-1000,,,,,
346,8,3,13,11/14/2023,2400,CUST-1007,,,,,
347,9,3,4,11/2/2023,6200,CUST-1011,,,,,
348,4,1,14,11/8/2023,5900,CUST-1014,,,,,
349,3,1,13,11/21/2023,7800,CUST-1012,,,,,
350,9,2,1,11/2/2023,6900,CUST-1010,,,,,
351,6,1,9,11/24/2023,8700,CUST-1002,,,,,
352,7,1,1,11/15/2023,2400,CUST-1003,,,,,
353,13,3,2,11/17/2023,3000,CUST-1002,,,,,
354,2,2,1,11/18/2023,8700,CUST-1004,,,,,
355,6,1,9,11/3/2023,5200,CUST-1014,,,,,
356,5,2,3,11/14/2023,2100,CUST-1006,,,,,
357,11,1,1,12/3/2023,1700,CUST-1011,,,,,
358,2,2,1,12/25/2023,1500,CUST-1008,,,,,
359,8,3,13,12/2/2023,5900,CUST-1014,,,,,
360,10,2,13,12/5/2023,8700,CUST-1001,,,,,
361,13,1,9,12/28/2023,5700,CUST-1006,,,,,
362,13,2,9,12/8/2023,2700,CUST-1011,,,,,
363,3,2,3,12/26/2023,1800,CUST-1009,,,,,
364,8,3,4,12/6/2023,2200,CUST-1012,,,,,
365,11,1,1,12/13/2023,4800,CUST-1007,,,,,
366,6,3,9,12/27/2023,1100,CUST-1007,,,,,
367,9,3,14,12/26/2023,8100,CUST-1005,,,,,
368,5,2,14,12/11/2023,4500,CUST-1005,,,,,
369,4,2,13,12/18/2023,9300,CUST-1002,,,,,
370,7,2,9,12/12/2023,1600,CUST-1000,,,,,
371,1,3,2,12/9/2023,5000,CUST-1003,,,,,
372,13,3,13,12/24/2023,5900,CUST-1004,,,,,
373,15,3,13,12/2/2023,5600,CUST-1012,,,,,
374,1,2,4,1/4/2024,1500,CUST-1012,,,,,
375,6,1,2,1/12/2024,7600,CUST-1011,,,,,
376,3,2,3,1/1/2024,6900,CUST-1012,,,,,
377,14,3,9,1/18/2024,5300,CUST-1002,,,,,
378,11,3,4,1/4/2024,2900,CUST-1004,,,,,
379,7,1,3,1/12/2024,8300,CUST-1008,,,,,
380,15,3,3,1/15/2024,3900,CUST-1012,,,,,
381,1,3,9,1/4/2024,500,CUST-1000,,,,,
382,7,1,9,1/15/2024,1600,CUST-1008,,,,,
383,2,3,13,1/20/2024,3700,CUST-1010,,,,,
384,11,3,3,1/22/2024,3400,CUST-1008,,,,,
385,8,1,9,1/12/2024,6900,CUST-1009,,,,,
386,5,3,4,1/16/2024,2200,CUST-1006,,,,,
387,5,3,3,1/25/2024,3500,CUST-1005,,,,,
388,12,2,14,1/26/2024,2500,CUST-1003,,,,,
389,9,2,14,2/17/2024,6100,CUST-1000,,,,,
390,11,2,1,2/16/2024,6300,CUST-1004,,,,,
391,8,3,3,2/21/2024,4100,CUST-1010,,,,,
392,7,3,9,2/20/2024,1500,CUST-1002,,,,,
393,5,2,3,2/12/2024,6200,CUST-1007,,,,,
394,9,2,13,2/15/2024,2400,CUST-1002,,,,,
395,9,2,1,2/4/2024,5600,CUST-1012,,,,,
396,6,1,9,2/22/2024,2900,CUST-1003,,,,,
397,11,3,9,2/24/2024,4700,CUST-1003,,,,,
398,2,2,2,2/21/2024,1900,CUST-1012,,,,,
399,15,2,3,2/15/2024,4900,CUST-1005,,,,,
400,1,2,1,2/25/2024,1300,CUST-1010,,,,,
401,8,1,1,3/19/2024,7200,CUST-1003,,,,,
402,14,3,13,3/25/2024,3200,CUST-1014,,,,,
403,8,2,4,3/10/2024,5500,CUST-1014,,,,,
404,1,1,1,3/2/2024,2400,CUST-1006,,,,,
405,13,2,13,3/1/2024,3700,CUST-1002,,,,,
406,6,3,2,3/2/2024,2200,CUST-1003,,,,,
407,2,3,2,3/26/2024,600,CUST-1002,,,,,
408,12,1,3,3/23/2024,9000,CUST-1014,,,,,
409,11,2,1,3/3/2024,7400,CUST-1014,,,,,
410,7,3,1,3/9/2024,9400,CUST-1004,,,,,
411,8,2,4,3/8/2024,3900,CUST-1009,,,,,
412,14,3,3,3/20/2024,2900,CUST-1003,,,,,
413,11,2,2,3/7/2024,500,CUST-1014,,,,,
414,15,3,14,3/26/2024,5400,CUST-1002,,,,,
415,10,2,3,3/28/2024,7700,CUST-1010,,,,,
416,13,1,9,4/12/2024,1800,CUST-1008,,,,,
417,3,3,13,4/26/2024,3900,CUST-1003,,,,,
418,8,1,14,4/13/2024,2900,CUST-1014,,,,,
419,3,2,13,4/23/2024,7600,CUST-1012,,,,,
420,6,1,1,4/19/2024,9800,CUST-1008,,,,,
421,12,2,3,4/3/2024,6700,CUST-1014,,,,,
422,15,3,1,4/22/2024,9600,CUST-1010,,,,,
423,1,2,9,4/12/2024,700,CUST-1008,,,,,
424,13,1,4,4/26/2024,4000,CUST-1011,,,,,
425,12,2,1,4/20/2024,5200,CUST-1009,,,,,
426,4,2,9,4/9/2024,6100,CUST-1003,,,,,
427,2,3,2,4/4/2024,1900,CUST-1011,,,,,
428,6,1,4,4/26/2024,4200,CUST-1011,,,,,
429,2,1,14,4/13/2024,8400,CUST-1014,,,,,
430,10,2,14,4/3/2024,9600,CUST-1011,,,,,
431,14,2,14,4/14/2024,5100,CUST-1013,,,,,
432,13,3,13,5/28/2024,5100,CUST-1007,,,,,
433,9,2,14,5/7/2024,3700,CUST-1012,,,,,
434,9,1,4,5/27/2024,2600,CUST-1007,,,,,
435,5,1,14,5/3/2024,6000,CUST-1009,,,,,
436,8,1,14,5/12/2024,3900,CUST-1004,,,,,
437,10,3,13,5/11/2024,800,CUST-1009,,,,,
438,10,1,2,5/16/2024,3900,CUST-1009,,,,,
439,5,3,4,5/1/2024,7200,CUST-1001,,,,,
440,6,1,3,5/25/2024,6600,CUST-1011,,,,,
441,5,1,1,5/15/2024,4100,CUST-1008,,,,,
442,12,3,14,5/24/2024,2400,CUST-1003,,,,,
443,11,1,4,5/12/2024,4500,CUST-1005,,,,,
444,2,1,14,5/14/2024,9700,CUST-1001,,,,,
445,13,1,14,5/26/2024,1600,CUST-1006,,,,,
446,5,1,3,5/6/2024,7500,CUST-1014,,,,,
447,3,2,4,6/17/2024,5100,CUST-1002,,,,,
448,5,2,3,6/20/2024,600,CUST-1007,,,,,
449,9,2,9,6/2/2024,9900,CUST-1014,,,,,
450,15,3,3,6/7/2024,3700,CUST-1011,,,,,
451,12,2,4,6/23/2024,6800,CUST-1002,,,,,
452,4,2,2,6/13/2024,1400,CUST-1006,,,,,
453,8,2,9,6/23/2024,8800,CUST-1002,,,,,
454,8,1,13,6/23/2024,5100,CUST-1004,,,,,
455,6,3,2,6/15/2024,5700,CUST-1007,,,,,
456,11,2,13,6/26/2024,6800,CUST-1000,,,,,
457,10,3,1,7/17/2024,1500,CUST-1012,,,,,
458,9,2,4,7/8/2024,3600,CUST-1014,,,,,
459,15,2,9,7/19/2024,8600,CUST-1013,,,,,
460,2,2,13,7/28/2024,1100,CUST-1012,,,,,
461,1,1,1,7/9/2024,7400,CUST-1013,,,,,
462,5,1,14,7/9/2024,1000,CUST-1006,,,,,
463,4,2,9,7/11/2024,3700,CUST-1002,,,,,
464,4,2,3,7/14/2024,4100,CUST-1010,,,,,
465,13,1,14,7/18/2024,9500,CUST-1011,,,,,
466,11,1,13,7/13/2024,9500,CUST-1013,,,,,
467,9,1,14,7/7/2024,7700,CUST-1000,,,,,
468,15,1,3,8/7/2024,3400,CUST-1001,,,,,
469,1,1,1,8/25/2024,6600,CUST-1003,,,,,
470,10,3,3,8/6/2024,7600,CUST-1012,,,,,
471,2,2,1,8/10/2024,9700,CUST-1005,,,,,
472,10,2,13,8/21/2024,1700,CUST-1008,,,,,
473,12,1,2,8/25/2024,4900,CUST-1002,,,,,
474,15,3,3,8/5/2024,9600,CUST-1012,,,,,
475,6,2,2,8/23/2024,7100,CUST-1002,,,,,
476,5,3,3,8/13/2024,9700,CUST-1012,,,,,
477,15,1,4,8/16/2024,7000,CUST-1010,,,,,
478,1,3,3,8/25/2024,600,CUST-1000,,,,,
479,3,2,13,8/22/2024,6500,CUST-1008,,,,,
480,5,2,3,8/4/2024,7400,CUST-1000,,,,,
481,3,2,4,8/28/2024,7300,CUST-1007,,,,,
482,9,2,3,8/26/2024,1800,CUST-1003,,,,,
483,10,3,9,8/12/2024,4200,CUST-1007,,,,,
484,1,2,9,8/24/2024,4900,CUST-1004,,,,,
485,4,2,14,8/24/2024,5800,CUST-1011,,,,,
486,13,2,14,8/24/2024,6800,CUST-1012,,,,,
487,6,1,13,9/22/2024,9900,CUST-1010,,,,,
488,10,1,14,9/9/2024,500,CUST-1013,,,,,
489,10,1,9,9/24/2024,6800,CUST-1011,,,,,
490,1,2,3,9/16/2024,1800,CUST-1010,,,,,
491,2,3,4,9/4/2024,4700,CUST-1000,,,,,
492,10,1,2,9/7/2024,5500,CUST-1009,,,,,
493,10,1,14,9/4/2024,1000,CUST-1006,,,,,
494,2,1,14,9/12/2024,4400,CUST-1013,,,,,
495,5,3,3,9/16/2024,1500,CUST-1003,,,,,
496,11,2,1,9/7/2024,1600,CUST-1005,,,,,
497,14,1,2,9/25/2024,1800,CUST-1007,,,,,
498,7,1,2,9/3/2024,5300,CUST-1001,,,,,
499,9,1,3,9/7/2024,2800,CUST-1010,,,,,
500,4,2,13,9/19/2024,2900,CUST-1007,,,,,
501,14,1,1,9/13/2024,3300,CUST-1005,,,,,
502,2,1,3,9/3/2024,5700,CUST-1009,,,,,
503,4,1,1,10/7/2024,4200,CUST-1010,,,,,
504,5,3,9,10/28/2024,7900,CUST-1012,,,,,
505,2,3,13,10/8/2024,5500,CUST-1011,,,,,
506,3,2,13,10/26/2024,5700,CUST-1006,,,,,
507,12,2,13,10/23/2024,5900,CUST-1014,,,,,
508,2,3,13,10/3/2024,4700,CUST-1002,,,,,
509,6,2,4,10/8/2024,3900,CUST-1011,,,,,
510,7,2,13,10/25/2024,7300,CUST-1009,,,,,
511,7,1,4,10/25/2024,4200,CUST-1001,,,,,
512,3,2,9,10/20/2024,7900,CUST-1007,,,,,
513,3,2,9,10/28/2024,6600,CUST-1003,,,,,
514,8,1,1,10/8/2024,800,CUST-1011,,,,,
515,4,2,13,10/21/2024,7600,CUST-1011,,,,,
516,7,1,9,10/8/2024,7300,CUST-1001,,,,,
517,2,3,13,10/8/2024,5200,CUST-1007,,,,,
518,4,1,14,10/14/2024,6800,CUST-1002,,,,,
519,2,1,9,10/13/2024,5300,CUST-1003,,,,,
520,9,1,1,10/27/2024,6500,CUST-1010,,,,,
521,4,2,14,10/3/2024,2200,CUST-1010,,,,,
522,7,2,3,11/18/2024,9100,CUST-1008,,,,,
523,15,2,4,11/11/2024,5900,CUST-1004,,,,,
524,12,3,1,11/10/2024,4300,CUST-1003,,,,,
525,3,2,2,11/13/2024,4100,CUST-1009,,,,,
526,3,3,4,11/6/2024,2200,CUST-1005,,,,,
527,15,1,3,11/9/2024,5200,CUST-1003,,,,,
528,2,3,2,11/27/2024,7900,CUST-1008,,,,,
529,2,2,1,11/20/2024,6500,CUST-1003,,,,,
530,1,3,13,11/22/2024,5800,CUST-1014,,,,,
531,6,2,9,11/16/2024,3000,CUST-1008,,,,,
532,6,1,9,11/9/2024,3000,CUST-1011,,,,,
533,5,2,4,11/8/2024,1000,CUST-1008,,,,,
534,4,1,4,11/15/2024,4700,CUST-1008,,,,,
535,13,3,13,12/18/2024,3200,CUST-1008,,,,,
536,14,2,4,12/11/2024,7100,CUST-1000,,,,,
537,5,3,2,12/19/2024,7000,CUST-1014,,,,,
538,14,3,2,12/2/2024,5700,CUST-1000,,,,,
539,9,3,3,12/15/2024,5900,CUST-1012,,,,,
540,14,2,3,12/28/2024,6900,CUST-1011,,,,,
541,12,1,4,12/16/2024,2100,CUST-1014,,,,,
542,1,1,14,12/8/2024,1900,CUST-1006,,,,,
543,13,2,14,12/20/2024,8400,CUST-1011,,,,,
544,4,3,13,12/5/2024,1300,CUST-1008,,,,,
545,7,3,4,12/3/2024,7000,CUST-1003,,,,,
546,5,1,13,12/7/2024,4200,CUST-1002,,,,,
547,2,2,3,12/23/2024,4000,CUST-1000,,,,,
548,15,1,2,1/6/2025,2100,CUST-1009,,,,,
549,8,3,9,1/26/2025,6900,CUST-1012,,,,,
550,2,3,9,1/26/2025,2900,CUST-1008,,,,,
551,3,1,3,1/5/2025,5100,CUST-1012,,,,,
552,11,3,9,1/28/2025,2900,CUST-1002,,,,,
553,5,2,13,1/23/2025,6300,CUST-1012,,,,,
554,4,2,3,1/2/2025,4000,CUST-1000,,,,,
555,5,2,9,1/10/2025,7000,CUST-1013,,,,,
556,1,2,1,1/9/2025,6800,CUST-1008,,,,,
557,12,3,1,1/2/2025,7700,CUST-1002,,,,,
558,10,1,4,1/18/2025,2000,CUST-1002,,,,,
559,2,3,13,1/23/2025,2700,CUST-1008,,,,,
560,15,1,4,1/17/2025,4400,CUST-1008,,,,,
561,8,3,9,1/24/2025,7600,CUST-1002,,,,,
562,7,2,9,1/1/2025,6900,CUST-1001,,,,,
563,8,1,9,2/3/2025,5600,CUST-1006,,,,,
564,11,3,3,2/9/2025,6000,CUST-1012,,,,,
565,15,2,3,2/12/2025,5300,CUST-1014,,,,,
566,14,1,1,2/13/2025,9100,CUST-1004,,,,,
567,12,3,2,2/20/2025,1300,CUST-1011,,,,,
568,1,2,4,2/21/2025,7600,CUST-1003,,,,,
569,7,1,1,2/25/2025,2200,CUST-1011,,,,,
570,5,2,2,3/1/2025,5500,CUST-1009,,,,,
571,9,3,1,3/2/2025,9300,CUST-1010,,,,,
572,11,2,3,3/3/2025,4600,CUST-1010,,,,,
573,13,1,2,3/4/2025,5300,CUST-1006,,,,,
574,10,2,1,3/5/2025,6100,CUST-1012,,,,,
575,7,1,1,3/6/2025,9200,CUST-1003,,,,,
576,8,2,2,3/7/2025,8500,CUST-1009,,,,,
577,7,2,3,4/1/2025,9000,CUST-1011,,,,,
578,12,1,14,4/5/2025,8700,CUST-1002,,,,,
579,3,3,1,4/10/2025,3200,CUST-1002,,,,,
580,9,2,2,4/15/2025,7600,CUST-1012,,,,,
581,14,2,9,4/20/2025,4100,CUST-1002,,,,,
582,1,1,4,4/25/2025,9200,CUST-1011,,,,,
583,6,3,13,4/26/2025,6700,CUST-1008,,,,,
584,11,2,3,5/1/2025,5800,CUST-1009,,,,,
585,4,1,2,5/6/2025,7500,CUST-1012,,,,,
586,15,2,1,5/11/2025,9900,CUST-1000,,,,,
587,8,1,9,5/16/2025,4800,CUST-1006,,,,,
588,2,1,14,5/21/2025,8500,CUST-1011,,,,,
589,13,2,4,5/26/2025,6200,CUST-1008,,,,,
590,5,2,13,5/30/2025,7100,CUST-1011,,,,,
591,10,1,1,6/2/2025,5900,CUST-1003,,,,,
592,7,3,2,6/7/2025,8400,CUST-1014,,,,,
593,3,2,3,6/12/2025,8000,CUST-1009,,,,,
594,12,1,9,6/17/2025,3900,CUST-1005,,,,,
595,6,2,4,6/22/2025,5300,CUST-1008,,,,,
596,9,2,14,6/27/2025,4800,CUST-1002,,,,,
597,2,2,13,7/1/2025,5700,CUST-1008,,,,,
598,9,1,9,7/16/2025,3800,CUST-1009,,,,,
599,15,1,13,7/7/2025,7500,CUST-1014,,,,,
600,3,2,3,7/23/2025,7800,CUST-1013,,,,,
601,13,2,4,7/25/2025,5700,CUST-1014,,,,,
602,1,2,13,7/15/2025,7100,CUST-1008,,,,,
603,5,3,4,7/16/2025,7900,CUST-1001,,,,,
604,7,2,2,7/5/2025,3300,CUST-1004,,,,,
605,4,2,2,7/20/2025,7000,CUST-1002,,,,,
606,8,1,9,7/1/2025,5100,CUST-1003,,,,,
607,8,3,2,7/16/2025,6900,CUST-1011,,,,,
608,4,2,3,7/27/2025,8600,CUST-1010,,,,,
609,1,1,3,7/1/2025,6200,CUST-1010,,,,,
610,3,1,1,7/12/2025,7300,CUST-1002,,,,,
611,12,3,9,7/11/2025,6800,CUST-1011,,,,,
612,2,2,3,7/14/2025,9400,CUST-1003,,,,,
613,6,1,2,7/3/2025,9500,CUST-1008,,,,,
614,10,2,13,7/26/2025,7800,CUST-1014,,,,,
615,9,3,4,7/19/2025,8200,CUST-1012,,,,,
616,13,3,9,8/18/2025,8000,CUST-1014,,,,,
617,9,1,9,8/4/2025,9400,CUST-1005,,,,,
618,5,2,3,8/10/2025,7100,CUST-1008,,,,,
619,4,2,1,8/16/2025,8900,CUST-1003,,,,,
620,7,2,9,8/24/2025,5900,CUST-1004,,,,,
621,5,3,1,8/23/2025,3000,CUST-1003,,,,,
622,14,1,1,8/9/2025,9300,CUST-1012,,,,,
623,9,2,9,8/16/2025,7600,CUST-1008,,,,,
624,1,1,1,8/19/2025,8600,CUST-1006,,,,,
625,15,3,4,8/12/2025,9500,CUST-1002,,,,,
626,3,2,14,8/20/2025,8800,CUST-1014,,,,,
627,5,3,4,8/21/2025,3000,CUST-1010,,,,,
628,4,1,4,8/20/2025,4100,CUST-1004,,,,,
629,15,3,9,8/23/2025,8400,CUST-1007,,,,,
630,3,3,4,8/25/2025,7000,CUST-1004,,,,,
631,11,2,1,9/1/2025,9500,CUST-1002,,,,,
632,14,1,2,9/2/2025,8800,CUST-1014,,,,,
633,1,2,2,9/3/2025,9000,CUST-1010,,,,,
634,6,3,3,9/4/2025,9100,CUST-1004,,,,,
635,4,2,13,9/5/2020,3000,CUST-1007,,,,,
636,9,3,13,9/13/2025,12000,CUST-1014,,,,,
637,12,3,4,9/26/2025,4100,CUST-1008,,,,,
638,14,2,4,9/3/2025,7100,CUST-1001,,,,,
639,3,3,13,9/21/2025,10500,CUST-1004,,,,,
640,7,3,4,9/7/2025,8000,CUST-1002,,,,,
641,8,1,1,9/3/2025,9400,CUST-1003,,,,,
642,16,2,14,10/28/2025,11000,CUST-1011,,,,,
643,13,3,2,10/2/2025,7000,CUST-1010,,,,,
644,8,2,1,10/27/2025,9300,CUST-1009,,,,,
645,3,3,9,10/26/2025,14000,CUST-1005,,,,,
646,12,2,14,10/9/2025,7600,CUST-1008,,,,,
647,6,3,3,10/20/2025,3500,CUST-1002,,,,,
648,8,3,2,10/6/2025,8300,CUST-1004,,,,,
649,3,3,4,10/24/2025,6600,CUST-1003,,,,,
650,4,2,9,10/22/2025,14300,CUST-1012,,,,,
651,7,1,13,10/11/2025,10400,CUST-1008,,,,,
652,12,1,3,10/3/2025,12100,CUST-1006,,,,,
653,3,3,2,11/25/2025,12600,CUST-1002,,,,,
654,1,3,13,11/14/2025,12300,CUST-1003,,,,,
655,11,2,9,11/25/2025,6000,CUST-1004,,,,,
656,13,2,4,11/26/2025,8800,CUST-1003,,,,,
657,10,1,1,11/12/2025,5600,CUST-1012,,,,,
658,2,2,9,11/27/2025,10700,CUST-1008,,,,,
659,8,3,4,11/9/2025,3500,CUST-1011,,,,,
660,13,2,9,11/8/2025,9600,CUST-1003,,,,,
661,9,1,4,11/21/2025,12400,CUST-1014,,,,,
662,5,2,1,11/20/2025,6800,CUST-1012,,,,,
663,14,1,13,12/3/2025,6000,CUST-1014,,,,,
664,15,1,4,12/6/2025,10800,CUST-1005,,,,,
665,3,2,4,12/2/2025,12300,CUST-1008,,,,,
666,16,2,3,12/2/2025,7600,CUST-1003,,,,,
667,7,3,3,12/3/2025,4600,CUST-1004,,,,,
668,6,1,1,12/6/2025,3600,CUST-1012,,,,,
669,13,3,9,12/6/2025,8300,CUST-1000,,,,,
670,12,1,14,12/1/2025,8800,CUST-1006,,,,,
671,16,1,4,12/2/2025,11200,CUST-1011,,,,,
672,9,2,2,1/1/2026,9100,CUST-1007,,,,,
673,1,3,3,1/6/2026,13500,CUST-1003,,,,,
674,15,2,14,1/8/2026,5600,CUST-1007,,,,,
675,8,2,1,1/12/2026,2000,CUST-1004,,,,,
676,4,3,2,1/20/2026,3600,CUST-1012,,,,,
677,8,1,9,1/25/2026,14800,CUST-1002,,,,,
678,12,1,4,1/28/2026,9000,CUST-1011,,,,,
679,9,1,13,2/2/2026,2300,CUST-1008,,,,,
680,12,1,3,2/9/2026,13100,CUST-1009,,,,,
681,4,2,2,2/12/2026,12200,CUST-1010,,,,,
682,15,2,1,2/14/2026,14800,CUST-1000,,,,,
683,6,3,9,2/19/2026,12000,CUST-1009,,,,,
684,7,1,14,2/20/2026,5000,CUST-1002,,,,,
685,1,2,4,2/24/2026,2800,CUST-1003,,,,,
686,13,3,13,2/26/2026,8700,CUST-1004,,,,,
687,7,2,1,3/3/2026,6300,CUST-1003,,,,,
688,12,1,2,3/9/2026,12100,CUST-1012,,,,,
689,15,3,3,3/16/2026,15000,CUST-1008,,,,,
690,14,2,9,3/12/2026,10100,CUST-1004,,,,,
691,1,3,4,3/17/2026,11300,CUST-1007,,,,,
692,7,2,14,3/19/2026,7200,CUST-1014,,,,,
693,1,1,13,3/25/2026,3500,CUST-1012,,,,,
694,6,1,9,3/30/2026,6500,CUST-1004,,,,,
